matrix,i,j,value
100,100,100,100
a,68,46,-76.1893084636
a,99,79,75.9104042745
a,14,74,-1.00502629277
a,62,88,7.5540607282
a,68,17,-92.2109845533
a,87,63,-26.1822426596
a,38,81,-5.08109522956
a,80,36,-53.8535460192
a,45,69,73.6684215451
a,23,78,-27.028269215
a,63,48,57.0696993336
a,27,39,94.9431746881
a,44,95,56.5712977198
a,17,48,-35.2805024273
a,66,92,-63.7123527958
a,2,93,-84.442551182
a,27,32,-31.0166710512
a,39,14,-72.9205180287
a,20,98,-57.2416404222
a,26,88,-83.5245485814
a,53,53,21.9971180165
a,55,82,9.47756942563
a,68,16,38.8947764335
a,15,21,35.6967910462
a,77,58,-58.7641344659
a,79,8,-24.7556489636
a,9,96,-62.9550173697
a,52,41,-99.631146448
a,75,54,-89.4721677597
a,38,28,64.8800680357
a,45,15,58.1656613216
a,6,68,99.6284128093
a,62,85,30.2901163304
a,72,89,-5.05322347825
a,82,90,-33.5873035994
a,60,3,-42.8640871467
a,91,89,-36.4212025619
a,86,22,70.1725933406
a,46,95,73.0102916735
a,30,47,-86.4975828804
a,69,91,17.8484159281
a,8,42,-81.3942635173
a,84,71,32.5737163061
a,8,78,-58.8579024173
a,53,88,70.6805886309
a,9,92,-62.1158839935
a,74,76,-66.6352546008
a,75,90,98.8230022671
a,17,51,-18.361144601
a,56,32,71.2390137763
a,15,77,38.1150977613
a,19,17,46.7178251194
a,34,72,92.3968131721
a,54,76,-84.1726619914
a,48,91,71.9288986136
a,69,96,-52.5464586318
a,73,47,31.8649564975
a,30,78,41.1389954306
a,76,11,-69.4297477211
a,55,22,42.7943991542
a,25,20,75.1855818702
a,10,81,-11.7151825806
a,2,19,37.9661552133
a,50,39,12.3070427002
a,66,5,58.4430047885
a,67,29,6.09053745978
a,68,87,50.6440883784
a,13,23,-32.7295271237
a,74,70,-27.7674503116
a,19,72,-88.6417182834
a,8,44,38.859209601
a,20,8,32.5713185311
a,63,8,-70.3704901584
a,88,59,48.9718211022
a,53,59,98.6120587223
a,54,39,76.7584662833
a,48,83,-88.711021801
a,14,20,-94.7159722901
a,85,61,-10.7068895424
a,51,59,45.5548550292
a,13,90,62.8818809128
a,98,86,50.8884556429
a,79,17,-35.9302604352
a,14,19,-14.7526101939
a,89,34,31.7094700181
a,91,29,-78.8486963667
a,20,23,-56.2981229489
a,71,54,23.0345416155
a,42,55,67.5558911334
a,41,55,90.8768447061
a,77,55,-31.7370146779
a,24,42,-74.3273755941
a,65,56,-20.5161801497
a,56,2,94.1047479604
a,25,10,66.8499249849
a,94,53,-48.8657267176
a,50,65,72.2371889897
a,38,11,37.6207464943
a,5,54,35.0099307265
a,48,98,42.5225854768
a,65,48,-9.41254125551
a,15,44,-56.9888924916
a,62,66,71.4766822728
a,1,65,-95.4681188264
a,87,29,-87.8106209498
a,41,24,-17.9928968147
a,65,71,26.8735345501
a,59,52,80.2510099128
a,21,26,-69.6416002913
a,69,75,41.1876072126
a,83,98,43.4078675629
a,2,56,55.5926048815
a,4,0,-14.9920250628
a,6,19,-79.7563042841
a,67,24,-82.9671943456
a,82,31,8.32222522367
a,85,84,-55.5141761137
a,0,64,65.246200336
a,51,53,37.0728710366
a,70,45,93.0467224821
a,55,67,9.6734973617
a,25,91,-86.9904340532
a,29,62,-82.9749193978
a,77,46,77.7345110099
a,19,92,30.3035702106
a,75,61,98.2873419246
a,61,89,-6.14456449535
a,39,22,-65.5722472593
a,7,44,-70.388795532
a,8,2,-94.3489630727
a,63,75,48.1881311106
a,21,5,93.7067967362
a,22,59,-89.862933708
a,85,14,12.8375476406
a,87,69,48.9272593175
a,83,87,-72.3641235695
a,72,25,69.2413228502
a,63,27,-50.5284660645
a,1,31,39.2625022634
a,13,54,-1.37910636247
a,58,32,29.8994515515
a,76,9,-32.0743168093
a,64,85,72.8819096913
a,13,45,86.4941342051
a,18,5,-11.2895712453
a,7,24,28.2256940469
a,27,70,26.1553622032
a,90,73,-0.351971235448
a,12,20,2.0679359802
a,91,94,-98.4117806924
a,46,35,-4.0728537311
a,54,46,-44.3601536138
a,0,45,-38.594781805
a,61,6,45.8684384308
a,67,11,-99.2122585899
a,52,83,-5.71893467767
a,29,41,-84.2948940513
a,96,65,34.7775603906
a,11,8,-88.0756539556
a,43,99,40.5933120045
a,10,43,24.9365658854
a,62,70,-93.704194188
a,75,62,-46.6389297165
a,38,56,-39.4127088281
a,25,77,-17.5521689622
a,30,22,-51.7957507049
a,4,64,-46.4247167627
a,44,81,0.623054671824
a,32,70,74.1652097204
a,62,80,52.0769334375
a,68,38,16.3417869251
a,12,26,98.9141145516
a,21,54,-23.53394759
a,85,91,92.0750656456
a,39,83,57.2462462006
a,34,71,-3.59287797651
a,39,78,66.3145307362
a,64,34,23.0522779937
a,2,63,1.55283842663
a,8,79,-99.6936118917
a,68,89,-22.8553455331
a,90,25,87.6070005463
a,15,37,-58.5107079718
a,91,20,8.63460716755
a,52,83,-0.248133741065
a,34,96,34.392455139
a,36,51,28.6224604504
a,51,85,-77.5478319749
a,19,69,-11.5741279437
a,8,12,88.1890577549
a,39,33,-62.6784926083
a,24,64,-48.8389841187
a,11,26,-68.2431143825
a,96,90,29.1232369029
a,33,42,13.1821122605
a,77,7,-8.90764591366
a,5,52,-37.9404438995
a,71,11,46.6899575616
a,41,95,-88.1019239956
a,67,3,-54.2119773111
a,12,75,12.8357115449
a,15,72,-66.330692728
a,86,18,-0.650296433995
a,48,21,86.0012739339
a,84,61,-78.0772924947
a,1,51,-57.6317969098
a,1,39,-25.3511892682
a,6,85,-60.7564104983
a,54,60,77.4126960669
a,52,14,46.6092149781
a,10,47,5.87716793408
a,33,97,45.8962017574
a,42,82,76.8668589267
a,55,22,-90.2852436255
a,21,41,68.4551402375
a,37,34,61.1574987693
a,7,71,-23.633307834
a,81,5,-17.1248162985
a,67,24,-96.482327343
a,71,59,63.5209823943
a,67,99,36.575109289
a,92,2,-14.5668275377
a,86,1,16.1858117363
a,53,39,95.6421887089
a,33,75,65.8132391823
a,65,57,26.9160950816
a,37,2,37.7559568958
a,2,47,-18.8351734606
a,83,38,-61.9768076641
a,15,10,83.7145009066
a,20,74,-22.0362331992
a,11,30,27.1032107208
a,78,16,-57.1712600827
a,6,92,62.5715467718
a,74,34,-77.5456632842
a,98,41,-2.90119659821
a,92,7,-90.6275836432
a,6,6,95.5300498409
a,43,28,-45.0028146465
a,77,80,38.7545686086
a,19,86,-57.0392131928
a,16,90,17.9031475145
a,8,44,33.9435881169
a,68,1,61.8656109348
a,84,19,91.4888053198
a,85,1,90.490816171
a,69,57,92.4576083
a,55,54,-89.9256599914
a,87,85,-46.8874392374
a,17,35,33.0237574339
a,70,80,-92.5364240593
a,45,19,-63.3743006493
a,77,49,-20.0300813313
a,33,76,-41.4523124587
a,5,57,-16.2588564183
a,82,43,33.3700616254
a,24,30,43.7792952028
a,5,71,-58.8956568017
a,45,8,-43.5622052001
a,63,52,58.6018324556
a,85,65,88.4491141881
a,68,42,31.4931689815
a,43,71,10.3898686458
a,71,76,96.2068526961
a,65,77,-91.2061256977
a,97,22,-40.1879856863
a,14,86,-25.7680554075
a,88,14,6.08461651621
a,90,49,17.7436995169
a,2,26,-50.2894073708
a,68,4,-60.3051492503
a,6,45,79.8185467897
a,55,95,-42.5625448602
a,63,44,54.681238473
a,86,40,28.5382988336
a,38,89,3.88567111376
a,64,44,-49.2005192561
a,98,90,99.0298282024
a,71,45,-38.547842321
a,86,86,-88.1708692263
a,12,82,-85.670315346
a,42,95,20.5615071352
a,30,40,-81.2367893882
a,73,87,-2.00595744646
a,34,10,70.7130287375
a,70,29,-58.3755873776
a,16,73,39.0429204983
a,91,20,-89.7212649178
a,78,35,-88.7646925421
a,45,82,-73.3172078168
a,43,85,50.655026065
a,44,4,89.8963594838
a,88,93,78.5473352414
a,9,64,-36.4444826008
a,44,20,-92.3542063222
a,90,83,-21.2905711455
a,64,27,18.4204225428
a,80,34,58.2407627738
a,66,57,-76.117971204
a,17,15,15.5778225887
a,77,15,-6.30202817974
a,68,49,-90.5397561854
a,36,44,-79.899924182
a,74,55,99.6073739765
a,95,16,83.2954115568
a,60,13,-58.9445523933
a,78,31,61.7192903758
a,26,98,5.54818471954
a,29,87,-19.0367023211
a,37,16,-22.0853352841
a,10,27,11.3238221054
a,48,24,-52.5844292079
a,95,37,-91.6100618816
a,86,4,-98.1605394126
a,74,58,-92.5551152671
a,3,35,24.8770133064
a,27,1,30.671383524
a,10,86,89.4849850128
a,0,85,-74.2763224732
a,71,79,-4.13324512932
a,90,52,88.7938655263
a,12,27,36.5336921591
a,33,22,-3.07144001074
a,68,93,4.64784774335
a,75,51,-35.4721672907
a,23,14,57.1689907026
a,2,90,-89.1231272938
a,55,72,-85.8943790109
a,14,18,-33.2983350611
a,96,60,69.0195114346
a,25,14,-57.4600119666
a,10,66,79.7470354187
a,14,25,38.6478451434
a,77,64,-15.9224442187
a,27,7,35.9067457096
a,63,61,46.5197669693
a,92,24,85.5504251124
a,66,36,23.9375552217
a,81,86,-3.11451895023
a,18,27,-94.3342542342
a,30,45,-0.383397490685
a,13,65,26.2064090943
a,90,71,-72.3695381618
a,17,87,-41.0863441252
a,3,67,72.3038594831
a,7,95,-23.4635614883
a,73,53,7.00658759302
a,24,56,-13.3799524491
a,70,46,-73.7522900611
a,63,91,38.7110165832
a,19,74,21.8271707082
a,19,49,-98.3456480815
a,93,81,92.2243364389
a,81,78,20.3909021515
a,66,45,-98.4474733068
a,77,85,-65.5178224488
a,98,46,21.4570928615
a,12,4,55.1050541752
a,94,10,90.1467271845
a,67,79,36.0474358398
a,32,95,80.7008302088
a,74,56,78.6672101722
a,34,72,83.6419954662
a,87,24,9.11484269806
a,9,36,66.5245532597
a,51,82,75.5675517586
a,79,82,57.7750518677
a,19,81,24.9488814349
a,37,41,-76.5983401937
a,10,76,76.4536032964
a,33,72,58.2814354262
a,74,41,-47.3876723601
a,56,83,13.8921800297
a,35,63,18.1897787741
a,10,63,-63.4031568072
a,48,41,4.88564830379
a,24,99,20.5753638513
a,11,66,-38.6511648787
a,73,48,-71.0880170387
a,92,85,-59.1632315924
a,26,57,-95.8452080026
a,74,97,-12.6508847062
a,11,17,40.0131309108
a,61,58,86.3020058084
a,67,83,-91.1901567319
a,91,0,-7.79496841204
a,67,25,4.80667789563
a,36,16,-84.1421728651
a,94,4,-7.86872458097
a,61,67,58.0760980301
a,45,45,-39.6030698364
a,78,54,59.9974200633
a,29,73,-65.8921509897
a,18,67,-58.6138136679
a,61,85,-39.2018088804
a,65,4,-73.5097220472
a,46,54,-33.1447287564
a,59,89,-64.5649846821
a,17,85,-79.6874093614
a,52,7,61.5637195603
a,74,83,-15.7547737555
a,61,0,-43.7195478002
a,10,0,-41.7589079114
a,27,40,42.5751072445
a,21,66,-52.8478166986
a,4,42,-72.3741146215
a,28,61,91.387653379
a,69,78,-28.8363762377
a,51,45,-50.4479936393
a,58,18,-0.713890925805
a,24,76,95.1942123389
a,18,36,83.5694216419
a,65,36,-38.7596575504
a,25,23,98.3442193018
a,49,86,67.2231366425
a,11,48,-85.3488842828
a,50,26,17.4354361677
a,10,4,93.9735746807
a,11,0,-85.5552017881
a,80,52,-85.2170391473
a,54,47,-20.1202906739
a,40,92,-38.8488201592
a,25,17,97.1230608138
a,98,90,-85.1116769344
a,74,92,-27.8878068197
a,19,42,-18.987009971
a,45,2,-57.3539517608
a,40,69,34.0107886191
a,77,75,-98.8114751374
a,71,89,45.3347680417
a,73,23,-13.0968714282
a,56,64,47.8152127142
a,77,50,64.0838534397
a,22,17,42.4556170869
a,99,29,67.7919863654
a,44,16,3.95566360342
a,25,2,-44.6835846743
a,97,46,-56.2142644374
a,69,84,-6.51796514055
a,33,96,-60.9495657865
a,13,28,-80.3416043561
a,43,44,94.6333530218
a,18,97,-32.4126055348
a,63,49,83.0243090782
a,40,73,-85.0600140532
a,47,63,-68.5103782028
a,0,99,-59.359291276
a,77,52,68.450775143
a,96,2,-45.5562160962
a,32,50,86.1539272382
a,3,25,-3.13883716161
a,5,34,-20.5073468801
a,24,76,43.2565106985
a,16,75,22.5007448314
a,77,42,-19.727678821
a,88,95,-55.1515851201
a,77,98,-20.6281815656
a,21,93,-64.9281689731
a,42,19,-4.97837753032
a,55,35,-85.6907246879
a,85,13,15.5260122547
a,38,4,47.8208796475
a,41,31,88.5691239431
a,27,41,-37.2939312647
a,31,30,96.2234095817
a,87,61,19.6786193698
a,66,61,-71.8325992017
a,78,12,86.5243838615
a,76,24,-55.3449927784
a,7,35,-10.8815626092
a,39,25,85.841289069
a,66,73,95.6777308128
a,35,70,-59.7107537599
a,69,41,-8.65583689956
a,83,73,-85.2294925168
a,62,57,58.6818767684
a,79,8,-23.7900041716
a,54,39,35.7342075612
a,3,34,-91.3663801319
a,6,74,-54.6419897235
a,70,35,-56.6577129961
a,14,10,-29.090129479
a,68,5,-26.8713212273
a,69,62,-0.355858397193
a,25,7,-81.8334604529
a,56,1,-31.132671446
a,5,28,-77.9530280305
a,54,17,52.7438672913
a,54,44,40.9550580551
a,70,22,-94.0785540513
a,46,9,-20.4413791163
a,3,97,46.2100098765
a,10,33,-36.9006053376
a,44,68,1.04479973614
a,5,64,-3.05718455716
a,2,88,98.7360342901
a,25,48,-65.6904938964
a,13,7,-99.3499313011
a,79,44,29.7924593476
a,1,86,-68.2602190556
a,40,66,-34.7366561975
a,61,2,-71.4520518777
a,28,25,31.4140665678
a,42,42,99.464834216
a,96,5,27.4169007104
a,68,18,67.2524944744
a,70,17,-76.5385390309
a,75,28,-33.0419495276
a,50,11,41.7273580865
a,10,15,-46.024647035
a,97,95,92.069786259
a,0,36,-68.6515021119
a,27,78,-50.1863689365
a,43,53,-79.9694648584
a,21,73,41.1832660544
a,61,92,27.7881894637
a,16,0,-77.6619792148
a,75,7,-66.687959052
a,89,66,-49.8938753853
a,82,3,-87.8377185627
a,32,61,-70.2140638433
a,66,18,68.6748120765
a,99,19,-44.9390588584
a,65,38,79.9500732503
a,45,69,-61.2521618385
a,86,82,76.6273196143
a,25,22,51.2424361078
a,97,33,-86.9242277402
a,1,63,12.0549510216
a,71,94,-43.0630197848
a,59,19,-64.2018883092
a,65,57,-68.8809273888
a,58,97,67.5052425563
a,80,42,89.0467502464
a,56,5,58.8881984478
a,39,89,15.363710515
a,47,37,68.4017824098
a,47,27,22.5514499387
a,54,32,-31.2072723544
a,30,48,52.113267823
a,40,93,84.2522033566
a,72,63,26.8232021009
a,14,97,70.2824985317
a,33,41,-84.4408491327
a,42,95,-57.2332959066
a,18,74,-75.2289151031
a,89,87,31.1452644658
a,2,4,54.5158861999
a,66,2,-69.3302586863
a,13,14,-83.291659947
a,35,50,-88.9109899134
a,54,17,-2.15327820257
a,51,69,30.6995692668
a,88,44,-96.6250033379
a,81,58,-33.4790144265
a,78,89,-87.971049307
a,54,21,7.50377713477
a,91,72,44.7065084835
a,32,42,-40.1177286914
a,26,90,-88.1744973331
a,88,3,6.18254157379
a,28,65,20.0093669916
a,60,0,-53.9917432843
a,83,74,30.6852915304
a,38,44,35.0099819812
a,85,14,-83.6605072494
a,13,19,-58.5953784426
a,49,17,90.3797446541
a,60,76,-30.549768259
a,12,40,-64.546961767
a,56,76,51.5485185105
a,3,1,-36.0317595248
a,94,70,6.2118889944
a,20,32,-15.740047978
a,38,98,-46.7819720501
a,13,57,13.7983541795
a,90,37,-44.1885667974
a,13,19,-74.448484759
a,24,66,-84.8397700746
a,46,54,-59.9403445281
a,92,45,16.4506585704
a,45,38,96.8515988623
a,49,10,27.0542219986
a,92,94,95.4504229109
a,50,62,-13.3944629017
a,60,65,-84.4269688547
a,76,67,91.6235629089
a,43,56,-22.7364749264
a,16,62,21.5032018692
a,12,9,-71.6268446259
a,69,51,-66.5268740316
a,23,35,-26.3995438115
a,18,86,41.7486364848
a,77,35,57.635914663
a,52,81,76.588188743
a,83,99,92.3536730696
a,73,99,-61.5877278575
a,18,15,37.1687625717
a,9,15,22.1075927949
a,9,6,57.6971292737
a,31,21,-18.3279769731
a,50,38,-89.1235885005
a,41,31,66.0328239644
a,50,69,-79.0427284209
a,70,71,93.8342427436
a,80,93,8.78960255158
a,20,50,40.8399424654
a,63,53,-37.676724353
a,90,34,-94.4746679724
a,79,71,-56.1693937625
a,92,16,87.1278690536
a,72,41,28.8145663185
a,43,52,64.0432696001
a,78,86,65.7448468318
a,61,35,71.3334233571
a,28,68,-6.7453373671
a,34,7,-30.505552821
a,37,6,-53.0300160539
a,83,47,-33.0785861888
a,70,77,91.6432159028
a,47,39,-56.3054523821
a,24,11,33.7021156904
a,87,39,-10.0247053042
a,2,89,14.8158889122
a,19,32,94.4640895453
a,57,61,-90.9775402988
a,9,15,-99.7238394693
a,64,96,-71.3655046147
a,65,98,55.6223389182
a,0,58,84.3609530615
a,89,90,51.9694756007
a,2,90,-66.4514476144
a,55,70,-63.7912169283
a,20,18,61.1208159799
a,91,35,19.7471215865
a,26,47,-8.89585572898
a,15,1,82.2094343337
a,80,5,41.5385916597
a,7,17,-99.1779563819
a,46,8,3.17325368085
a,47,53,24.8122423935
a,38,88,-80.8312844359
a,85,26,66.949487114
a,73,53,-71.9165537328
a,78,31,-68.5149593291
a,56,79,-3.99525850537
a,76,4,92.2930874438
a,89,74,9.9837978228
a,31,41,95.4181475741
a,74,68,-48.0192701234
a,29,59,74.6250741154
a,21,42,-89.4648126708
a,26,50,-47.7896710162
a,97,54,-80.4529890933
a,59,54,-93.6022245163
a,31,66,-66.8421153708
a,51,40,26.5267934069
a,2,11,-78.1051758752
a,51,97,-80.8357469312
a,96,75,-15.4850216073
a,14,28,52.8114105762
a,49,65,30.3303522354
a,88,26,-84.3986644331
a,22,64,-97.9495527947
a,57,62,-9.44367147682
a,16,41,43.600339508
a,63,69,-94.2031861682
a,1,41,-68.0383866036
a,51,13,77.8039006187
a,23,41,-74.5774144752
a,7,93,37.2888009041
a,20,69,-42.6635074637
a,33,53,-15.5443006692
a,71,7,-62.6346284382
a,8,61,-75.1389284685
a,25,78,-93.2835351073
a,31,73,-38.6637086226
a,18,80,45.744094243
a,13,85,53.4931447838
a,82,90,-68.6456590864
a,34,64,80.1760456603
a,82,78,83.8441602339
a,28,12,-61.1913210946
a,28,75,6.36187943664
a,71,23,-85.1451863025
a,32,56,-94.1673111905
a,96,57,-38.2776149565
a,29,9,-92.71537798
a,44,45,4.02068994024
a,50,24,22.7889981291
a,35,31,29.9853329385
a,87,79,-15.1352095632
a,49,66,61.8370475903
a,77,76,-55.4504443191
a,59,19,8.31923106975
a,42,37,47.287585444
a,93,93,50.5972101811
a,85,89,-71.9932325615
a,56,46,-4.4771726454
a,74,21,81.7870472929
a,69,42,-10.0070343673
a,35,14,-16.3734289724
a,47,8,66.0495324297
a,52,24,30.966691396
a,41,3,21.7689026731
a,51,3,-50.0003887552
a,56,59,-27.7947554808
a,9,54,97.8694900069
a,9,96,10.1086723437
a,76,60,-46.4827797244
a,95,35,46.4353162543
a,42,37,-70.6508474432
a,95,92,-77.5959653465
a,46,37,4.00570544047
a,53,48,95.9819327285
a,0,62,-56.1037142879
a,65,73,60.9397449323
a,41,27,9.23331798527
a,67,93,-78.0124388824
a,46,56,5.53114530964
a,41,80,-78.2324554947
a,94,90,-49.4940527789
a,94,36,-8.62647336741
a,3,56,-67.6606053723
a,94,87,77.556720038
a,54,84,-22.2293839123
a,50,90,7.60143026205
a,83,68,37.2094986726
a,23,38,7.85436342557
a,5,10,-36.0761112246
a,61,77,88.8526782275
a,28,76,-94.844969153
a,24,28,95.0377261985
a,5,11,-89.5753524021
a,10,11,-8.48462873322
a,35,5,10.4887718941
a,78,61,86.9387825249
a,45,35,16.0119661849
a,5,44,-45.5403285704
a,59,82,71.2594956838
a,13,40,-55.0466868798
a,20,56,-51.5446328419
a,22,60,51.5778495858
a,21,78,38.1975627984
a,20,25,16.1661508886
a,7,78,-78.0163729521
a,58,90,48.3834350052
a,15,83,92.9056724616
a,77,62,13.5639861762
a,48,57,-53.4320585262
a,6,84,93.2859285582
a,6,93,89.8814060416
a,84,53,81.8707035256
a,34,35,47.7299185679
a,68,51,29.3495180357
a,67,74,23.2504760678
a,21,48,-61.8233558287
a,69,18,-62.5289116314
a,30,74,59.0624281694
a,42,57,-91.9186676987
a,31,99,90.3693115892
a,79,53,-45.0368728838
a,77,26,76.6789647923
a,40,66,84.8291290366
a,32,68,-38.3325662669
a,57,85,83.8254923416
a,65,79,99.0760549825
a,21,9,35.2433010064
a,98,5,-43.0998086471
a,62,25,-1.68518404251
a,12,6,82.6392668008
a,17,62,-17.0405013557
a,30,86,-54.9842514743
a,82,20,-27.4095939358
a,59,29,-76.3014107525
a,6,9,89.8966607435
a,46,27,72.2382541495
a,50,33,-27.7341072445
a,34,54,-29.6995423794
a,85,19,33.8559954068
a,79,88,-53.017816537
a,28,53,88.6626545196
a,36,76,75.43455782
a,31,12,-25.7497404212
a,27,33,18.7662383884
a,34,79,26.5995039124
a,87,89,-57.6143979643
a,47,52,-75.9883008359
a,28,18,87.3641797882
a,63,63,70.8420448004
a,68,93,68.8020823844
a,94,92,61.5265133729
a,12,51,-24.3005607994
a,99,49,69.0977810221
a,37,55,77.9018706816
a,96,10,-24.4581972742
a,42,78,-6.09575822651
a,16,2,22.9561444168
a,30,52,53.4311197363
a,12,57,-94.101692762
a,93,23,90.6835519052
a,39,76,-87.2569327764
a,71,81,44.7088900884
a,41,89,-7.44134965239
a,84,0,-90.908627128
a,25,75,-33.7288681287
a,13,75,97.457535388
a,67,95,64.5594951892
a,75,40,90.8032958367
a,19,78,42.3631080914
a,0,51,-85.1851749016
a,88,13,27.5023255615
a,42,25,5.44132433162
a,11,94,-26.7705385165
a,39,27,-44.1426098786
a,92,24,-44.2385143368
a,40,58,22.9593229073
a,92,56,41.8801922796
a,85,40,38.1280945925
a,61,84,35.81181321
a,69,17,80.4590227566
a,11,87,-81.5538816519
a,44,50,93.4421962556
a,70,62,-73.8807046593
a,71,48,37.2153709052
a,50,93,54.8522956628
a,49,37,14.183699703
a,3,5,56.9153068967
a,97,88,56.1498426622
a,67,75,-55.240896507
a,97,57,-46.5413938486
a,3,0,44.1430999016
a,68,20,-18.4934120592
a,93,13,43.3269528181
a,24,11,75.288574654
a,67,3,30.6588484159
a,21,47,5.29890382429
a,80,9,-85.978357821
a,22,61,-72.0248844181
a,30,21,10.0457571398
a,45,12,83.968714249
a,89,88,-16.1977394834
a,80,17,22.0937623953
a,64,32,70.0339829078
a,46,92,-61.6901476063
a,48,69,58.8897397042
a,65,28,-43.5194790741
a,9,12,-14.7086304413
a,44,75,-50.6539063606
a,13,75,55.9184395037
a,25,44,-13.7728855249
a,59,38,15.1677609411
a,87,55,92.5543409891
a,42,81,56.5096623594
a,68,87,-83.7711398477
a,60,22,-48.0334966506
a,87,17,-49.2513951116
a,81,94,1.68775712485
a,24,43,42.4985901575
a,1,95,-19.5163549729
a,58,39,-65.5726860763
a,76,73,-88.669546849
a,90,88,84.8110224205
a,84,54,-83.8762786499
a,73,28,83.6986934314
a,43,89,29.4085032377
a,44,77,-80.3289699639
a,78,51,-11.8924683509
a,47,56,-70.8466386982
a,67,1,-51.5324555108
a,97,4,83.5164245809
a,73,72,-38.0792614338
a,89,7,35.220163765
a,5,69,-76.3834902665
a,1,34,54.4248145366
a,82,19,-85.3661818176
a,26,36,78.0897952465
a,53,19,-90.1732646808
a,57,8,18.4228857661
a,12,3,48.6394597225
a,20,83,-41.7393489446
a,89,54,-64.2077787279
a,6,30,-94.4137990824
a,18,74,49.1452288655
a,41,40,10.9423871161
a,12,32,88.106625602
a,29,15,19.7089639695
a,72,21,83.1344171477
a,91,19,6.74079745619
a,0,10,51.6974498117
a,36,27,-50.4878450084
a,37,45,21.9658404982
a,34,93,71.9508932539
a,16,12,-69.9642762358
a,58,64,44.8179486879
a,82,32,68.4095556695
a,1,59,-24.1575712836
a,80,19,-2.86989855473
a,73,24,66.0943349436
a,55,79,92.1153540584
a,77,98,-12.8053160365
a,10,57,54.6338812586
a,77,16,-30.4092946659
a,99,19,-36.3424007777
a,95,64,33.3371829352
a,56,60,69.3141547274
a,41,55,-33.5462571789
a,89,82,-47.6687202813
a,76,85,-29.9929922873
a,53,45,45.0893296417
a,73,87,31.9818067714
a,4,4,73.5233625624
a,72,1,39.6307964524
a,50,52,-70.3228179494
a,5,42,31.6096197636
a,17,16,47.0693018103
a,39,66,77.804767871
a,55,83,-43.2972206286
a,87,49,73.257452308
a,41,32,52.1629965765
a,10,51,-97.8321834956
a,97,53,21.8470347631
a,87,52,88.6886876962
a,57,1,-94.9247434664
a,98,81,-74.4601589051
a,89,99,-16.4998676791
a,7,91,66.0527167649
a,31,75,-3.10780344762
a,56,32,-21.222632596
a,26,34,39.3657885138
a,97,61,93.6348674872
a,79,64,-59.7870935236
a,6,17,-40.0045284189
a,78,92,82.4516683029
a,5,69,-94.6172247217
a,18,95,2.23358254614
a,47,40,6.61221968338
a,58,63,6.54819017674
a,30,81,-89.2268571022
a,96,85,-35.5844600611
a,22,20,-62.1216044974
a,62,26,58.928213383
a,7,26,21.65960372
a,42,17,88.7855886857
a,43,97,-4.48171488221
a,6,83,60.0676321634
a,4,6,82.7014377287
a,23,43,-38.8222470219
a,37,13,-45.502746229
a,40,0,27.2926150431
a,60,27,64.0581722527
a,78,35,32.8490278994
a,97,8,5.56534538161
a,1,82,-6.37986665719
a,49,39,-69.4490101783
a,47,9,22.78511628
a,18,38,65.6568156507
a,9,68,-60.8765007925
a,25,73,-53.972015837
a,17,51,-19.0933377179
a,89,92,9.373083219
a,5,22,-77.4486789084
a,85,19,96.632590166
a,80,3,76.5032567947
a,94,75,24.4970081458
a,75,83,67.321304847
a,96,88,-97.0435100766
a,13,57,72.4348427404
a,33,14,85.0471164045
a,69,22,90.4733157252
a,4,24,60.5670194903
a,45,38,-20.8894088811
a,72,76,-53.0413213258
a,42,36,41.7832405269
a,47,16,-67.5407089175
a,90,51,43.4506290024
a,23,30,-50.5318132092
a,44,2,7.2008712489
a,40,49,76.6599359572
a,56,41,40.9246851893
a,87,85,-14.7026581686
a,37,95,-61.4513505276
a,68,92,35.6180750993
a,73,62,-66.2429204497
a,20,49,76.8778943741
a,45,9,-92.7833591232
a,83,28,-40.8382009025
a,78,91,-7.46503326442
a,29,5,-84.8672206291
a,89,74,26.1652915631
a,50,5,-92.8655233945
a,40,99,81.1063621288
a,94,80,74.0493257601
a,37,4,-42.7618460676
a,79,76,35.2799232039
a,50,42,-48.13337649
a,6,38,17.763905746
a,23,4,-75.7169187182
a,38,85,-42.1176943532
a,22,55,7.68748349386
b,33,36,83.7662141859
b,92,38,-32.4658983359
b,52,73,6.90450720487
b,37,23,90.2090107
b,12,20,-24.9528770674
b,58,44,-72.6553030724
b,1,14,69.9637046585
b,93,40,-53.0333285225
b,66,77,-7.69870628461
b,63,49,50.8282077201
b,49,1,6.34699572562
b,96,16,-51.2102268418
b,21,77,-55.810294115
b,89,41,-74.179021832
b,60,71,-22.4034626913
b,85,95,62.4663556951
b,44,80,58.1888449764
b,40,13,81.5706374426
b,71,45,1.45437431511
b,66,31,-30.2002671386
b,61,14,35.9579811405
b,69,76,-2.06618515104
b,98,4,84.2816597171
b,47,68,64.4123760588
b,99,92,-38.6301079857
b,70,80,55.8676039859
b,63,56,-7.87185862206
b,99,83,96.6200327044
b,43,63,93.6700575109
b,67,18,-14.3600423429
b,71,35,3.15680398306
b,43,28,-97.0094093715
b,61,6,-3.62123791676
b,35,44,20.9758897676
b,28,19,-93.5269894328
b,81,24,-21.2798706529
b,89,50,88.8250563336
b,8,0,-8.75022212101
b,28,48,-1.37935314666
b,59,28,2.68666061826
b,19,82,81.1456915106
b,26,10,-33.6512622421
b,77,42,12.8450287916
b,58,27,21.6634117959
b,18,16,1.78309921177
b,35,42,-52.9494751215
b,76,51,-74.6678064019
b,44,82,5.62623268412
b,5,4,-68.3381161489
b,55,27,60.3398310865
b,41,37,-73.7031666909
b,92,57,-21.110866745
b,13,24,-91.9775795971
b,44,81,-66.1892795628
b,54,74,-92.4285237581
b,12,39,-74.8424905227
b,39,23,-68.0205542224
b,90,91,33.0689070094
b,63,99,-99.8292544204
b,40,47,-30.8993873911
b,86,46,52.9514467198
b,45,29,74.8031303201
b,38,22,57.8414069604
b,85,97,-83.2224844658
b,29,41,40.2898888006
b,58,72,-88.6789885278
b,46,46,-27.4969746822
b,62,23,-82.80790981
b,65,96,-89.5629222309
b,92,7,65.1181356277
b,78,28,-40.0925304483
b,1,90,-8.74450753705
b,45,12,30.458342026
b,99,29,-13.5303559998
b,15,75,81.0092982355
b,43,15,-54.9914005536
b,8,87,-66.0963452965
b,5,0,85.3449939674
b,76,37,64.9035129196
b,48,7,-28.1233235425
b,7,71,-13.8906915011
b,93,4,7.93676958692
b,98,48,22.8104858823
b,45,94,8.87303325021
b,66,80,-84.7457054987
b,69,3,-8.35495784378
b,71,71,66.3360884892
b,62,64,70.3415223759
b,70,12,18.1971901183
b,74,7,47.9927408921
b,9,47,98.2415402064
b,93,84,-46.0303689455
b,19,63,-24.4859986391
b,28,56,34.4332906978
b,10,23,-95.5321831219
b,2,58,-27.5981111017
b,1,15,-69.8384295562
b,16,51,-91.8857970224
b,70,8,-34.9968868808
b,58,94,94.0784248473
b,19,63,10.1485540068
b,32,49,-9.58760733767
b,47,19,79.0918894403
b,61,49,26.1629784015
b,95,48,-33.4840575844
b,83,30,65.0903279442
b,63,20,40.3680444864
b,60,46,26.2703150722
b,74,94,66.0043348273
b,67,63,69.9654950602
b,37,89,28.6410104467
b,52,15,87.8122818825
b,21,41,17.8999260625
b,66,17,91.8704728786
b,41,34,-85.2564459673
b,58,71,-15.9868415178
b,10,28,89.1537001663
b,96,60,-0.951008659248
b,80,74,-19.1058474899
b,94,51,22.381174438
b,22,91,23.614399256
b,67,41,14.7580411092
b,14,13,58.4493222126
b,69,18,47.1695136067
b,35,61,-97.1923978905
b,83,76,79.6760623711
b,67,36,-69.9322567396
b,34,37,67.6082569457
b,30,24,82.8548148422
b,57,35,-17.1025043209
b,74,53,27.1426924586
b,56,36,81.4449015971
b,84,81,69.8088111635
b,80,24,-60.9086922514
b,72,93,-8.32293454233
b,76,36,-54.6140291397
b,80,50,-66.7857048748
b,44,88,79.9796085055
b,11,50,-0.539523575169
b,19,64,-72.5137705004
b,78,42,-38.8838485614
b,35,83,23.9540489495
b,99,92,4.9915073468
b,24,73,54.6280655597
b,5,37,-9.55642331863
b,49,36,56.8812404318
b,86,91,-27.6776204903
b,57,68,-24.9878970652
b,43,77,52.0026281849
b,39,10,32.1422102824
b,15,33,-75.7656714577
b,70,24,-23.437779062
b,28,29,25.4398304439
b,46,53,-52.1198435377
b,7,85,30.5501199854
b,50,17,61.0598335196
b,97,60,-84.3358047631
b,86,17,61.3411177358
b,44,87,5.24485845337
b,66,81,34.1774443886
b,78,55,-67.5428740068
b,67,21,-6.61475982681
b,27,96,31.0442575358
b,83,16,-47.1579187428
b,46,25,-72.2506072777
b,80,69,-55.0396571067
b,10,75,-79.6181704795
b,8,25,-73.8310075883
b,8,98,72.8996293064
b,8,55,81.3398689989
b,16,53,54.1652594559
b,58,4,25.4085462276
b,23,51,-29.3507221806
b,44,79,4.13642618505
b,76,67,-2.38594543341
b,91,68,-56.3385736713
b,90,41,30.0759537546
b,48,37,-89.8749572901
b,31,43,37.3343823921
b,73,20,-15.678023261
b,75,4,8.47287124652
b,7,44,-34.3807652316
b,30,61,-86.2837692468
b,22,38,56.3783306062
b,4,44,28.3873534326
b,86,53,94.5257444889
b,31,78,-26.7104816605
b,52,40,55.7361838638
b,12,53,35.477645941
b,26,88,-62.8665998984
b,94,87,-66.3916758862
b,10,50,-30.3506422355
b,48,19,-46.3858480242
b,85,6,-74.9834695615
b,45,40,-72.3671737253
b,71,76,-44.2905910697
b,66,89,-79.6316528596
b,98,51,44.960033163
b,9,40,81.0724774495
b,24,98,24.0167441625
b,8,3,66.6511683281
b,97,49,-13.4158396403
b,56,96,65.3539493669
b,81,30,94.5330898114
b,72,50,-43.8768427257
b,92,87,-28.0321164784
b,73,62,19.6882169401
b,31,99,32.3389519105
b,40,34,49.547970635
b,77,81,37.007428199
b,88,76,-82.7047466772
b,5,34,-93.8616509459
b,52,33,-20.4830561022
b,21,29,60.8606836907
b,55,20,97.2268753458
b,39,24,-92.5323372327
b,75,22,73.4460816185
b,34,21,22.9993071357
b,11,77,17.0142429852
b,81,0,-36.0692746432
b,13,19,49.3801596804
b,68,96,84.0965879466
b,34,86,-71.1767457865
b,77,78,-73.2651013911
b,64,40,-53.7648907887
b,58,9,-0.871884853756
b,46,24,-98.1137195794
b,4,94,-65.5161097602
b,69,91,-62.5046489799
b,43,10,21.318011853
b,12,69,89.1833726198
b,87,85,-24.5109126824
b,89,96,36.3113631455
b,82,63,-93.1737611397
b,48,70,-50.3404972655
b,41,55,44.887368727
b,23,59,-10.4163301348
b,71,1,56.5051258712
b,11,75,88.0089055617
b,99,23,76.4416716175
b,94,89,-48.9822981817
b,37,13,38.6813236138
b,94,42,35.4608387398
b,54,35,74.735110792
b,0,22,30.9100646101
b,20,87,12.3730418561
b,50,53,-56.392545232
b,36,11,-40.8572450198
b,9,23,58.8455909448
b,57,93,56.833865247
b,71,24,34.1553942636
b,26,75,-42.4595641356
b,87,24,-90.9020223189
b,99,97,-0.414652842547
b,1,23,-12.8288416396
b,78,59,58.7833995839
b,82,89,-79.3040692345
b,75,89,-62.4317486153
b,96,12,49.0884627705
b,53,95,-86.5620169304
b,76,10,56.5352505439
b,74,51,54.528496019
b,71,99,21.198383992
b,9,55,44.8195112921
b,5,50,-12.1018352474
b,47,31,-34.0646464676
b,58,97,-55.9105116448
b,10,30,-94.286044987
b,49,32,-73.4165735438
b,6,16,-41.9533854653
b,27,56,9.88958706202
b,7,47,-1.95886067502
b,39,36,34.9437782273
b,97,70,-18.5920051415
b,2,26,99.9142781993
b,66,12,61.7609941155
b,19,24,62.0457449942
b,40,71,77.6426023308
b,54,19,93.6297101707
b,31,59,-61.2050694755
b,29,87,82.3396971425
b,60,48,89.3274036951
b,91,70,97.634269129
b,8,94,-1.82068005049
b,90,0,9.27825505399
b,82,68,41.9310565601
b,36,40,1.32320822342
b,75,83,-58.3455568171
b,95,60,-53.0251129992
b,82,70,-89.3108909317
b,44,38,25.5002038768
b,0,90,64.8580693491
b,86,99,-98.6556608067
b,80,38,6.54844317506
b,2,49,62.604583902
b,58,63,-39.1530442176
b,86,53,-36.6157799517
b,58,98,71.5153496667
b,71,38,-35.944170047
b,13,33,85.8754349616
b,15,64,63.206282789
b,38,48,-61.1263871182
b,81,55,29.3941375817
b,68,94,37.8260782086
b,46,80,-10.7333861806
b,66,28,-15.8230122442
b,99,17,-16.5866790677
b,98,20,79.5994916381
b,17,12,27.2595010947
b,38,59,20.0167560484
b,19,76,12.1416227412
b,50,4,63.0443516081
b,17,51,-93.2723559061
b,76,27,69.092759213
b,25,58,47.3034159638
b,72,97,-80.5433037322
b,59,86,-31.1654080527
b,74,39,39.8533826794
b,72,61,23.0620949551
b,31,13,-33.4180830043
b,26,8,-23.4502918297
b,33,10,-47.1781291592
b,35,1,-54.0447369416
b,63,39,-5.57922228011
b,62,74,-2.99461542245
b,54,58,50.3759651938
b,47,16,-24.090674643
b,36,34,-12.6468428446
b,69,40,54.187882387
b,49,51,-92.1967787673
b,58,33,55.3234826245
b,60,81,10.4913106039
b,83,10,34.0506408688
b,38,61,95.1167353401
b,37,4,-45.7219228294
b,78,97,-46.896876645
b,1,76,49.0838331489
b,3,31,-54.1222020109
b,14,96,76.8650588845
b,67,97,65.0903570413
b,84,98,-27.6003713802
b,36,78,93.987621806
b,74,67,-84.8971293483
b,49,3,-94.0971424959
b,76,17,21.1374954389
b,86,19,-20.5252327591
b,80,6,-7.89910452084
b,35,27,31.8875113772
b,83,30,10.5282154549
b,38,83,78.6939237472
b,70,27,65.8302466481
b,97,58,-82.8228792851
b,76,11,79.2449934215
b,3,33,2.6532199454
b,11,49,19.3001571151
b,10,53,-73.3846110358
b,11,0,-98.7965089634
b,92,49,-57.6930946805
b,43,24,59.2531072459
b,49,30,71.6758965618
b,68,62,91.5962281665
b,63,69,38.8101939055
b,95,17,48.7058173861
b,63,12,74.8956429007
b,60,22,68.6683868796
b,23,56,70.8856038505
b,86,79,-94.462183442
b,62,88,36.1131198289
b,27,41,92.1973025137
b,54,72,89.3185406573
b,75,7,-93.2345709056
b,88,92,63.9064190427
b,43,64,-79.1919392396
b,61,87,-11.2542355821
b,4,59,-53.3149693683
b,50,13,-13.1384809257
b,77,63,-27.6530216518
b,73,34,-31.7350466801
b,68,37,12.8475718229
b,63,55,67.7581693399
b,70,65,42.9063373951
b,99,72,-32.177733518
b,35,31,-39.8509399454
b,8,43,60.1060685997
b,13,37,-37.2151583164
b,93,8,34.654359493
b,25,13,64.7349122394
b,51,14,87.5381372648
b,39,34,33.2232406151
b,1,65,50.2804860359
b,79,20,-42.4504320003
b,74,40,60.946225138
b,69,19,33.4125381628
b,20,68,85.0775643552
b,72,9,-64.9213755284
b,18,2,-12.5612776921
b,72,5,-5.90078265448
b,73,39,21.6928334665
b,56,9,-77.9793916668
b,46,30,-45.0675337995
b,46,80,-14.8605675521
b,57,92,97.521214301
b,58,75,72.7709682441
b,72,53,-71.0392006331
b,68,97,21.4357399182
b,22,27,53.3930844244
b,11,9,38.3491789054
b,39,7,-20.5938685053
b,93,94,-99.1149543614
b,64,34,-73.5943156022
b,12,50,49.9940834852
b,37,63,-45.4920351181
b,82,58,76.6093001297
b,63,49,-59.4877917982
b,85,6,20.3415904409
b,82,23,65.1170683965
b,77,73,-84.8155030405
b,37,28,-0.169383139875
b,62,30,-13.8131511413
b,85,68,-68.5591632581
b,48,26,-39.1423659564
b,16,95,-45.5599862476
b,69,0,-13.4694378614
b,18,29,26.9326674194
b,70,33,-44.7867322904
b,67,18,-74.795523912
b,14,7,13.8924631485
b,44,46,-47.1294583726
b,4,79,-58.6326629206
b,7,63,-95.0189215917
b,92,98,-70.3921909414
b,0,50,-77.2126027642
b,52,44,-17.8175173922
b,34,19,-24.3823144517
b,81,28,36.3430244146
b,96,46,78.6723740155
b,88,35,-31.7237612668
b,73,33,-12.0094567994
b,34,4,57.8912005883
b,85,9,-92.362843839
b,6,68,71.060100831
b,49,15,57.6601210741
b,43,23,12.2592893395
b,45,35,-78.6266846892
b,9,63,90.815894369
b,19,61,-71.3833275803
b,40,40,26.4393163512
b,84,81,-96.5208584973
b,55,29,-91.5245695857
b,55,40,38.2628132031
b,29,30,-31.4726302505
b,58,34,-17.078478249
b,59,37,5.85078701724
b,27,3,96.3935243929
b,80,21,-46.3561591299
b,35,77,-29.9373811789
b,96,34,7.40829897691
b,61,62,-88.82987598
b,26,2,35.8329487198
b,0,55,-16.3724527458
b,98,16,-88.9437486028
b,29,31,-55.2857553768
b,8,97,22.659575216
b,86,97,62.0245296754
b,31,10,69.5423749495
b,33,78,11.1136041969
b,9,77,-83.7176542951
b,69,33,-22.3092895268
b,94,60,-70.2449930929
b,99,53,-47.3162303993
b,66,18,-10.9743362619
b,78,1,-71.2275846877
b,87,14,8.32274179289
b,9,7,61.9722065552
b,43,82,-9.09766413502
b,41,28,14.096249148
b,91,8,16.2820997628
b,73,23,32.4467523863
b,2,80,-24.2412925763
b,20,71,14.1455497146
b,85,60,37.1003444528
b,81,12,-37.5682148897
b,96,64,-70.8369668852
b,51,91,23.127105678
b,67,81,77.0721233853
b,77,13,42.5182657039
b,96,65,1.34811898633
b,96,62,93.1476115869
b,8,38,-12.5250598451
b,39,61,-82.58106736
b,93,69,59.4222208329
b,85,89,2.66972704435
b,15,69,82.4073975217
b,41,7,38.3868516165
b,13,78,47.8067827414
b,66,78,-23.3842388437
b,89,57,-11.570448078
b,63,52,55.9936501639
b,17,8,69.8069666397
b,53,64,-98.0563639214
b,57,22,47.9861278069
b,77,38,-36.4706002002
b,3,30,-71.7030891422
b,88,98,-2.65687583168
b,41,12,-60.2919474863
b,34,19,16.1310883107
b,89,97,-73.7237021523
b,28,46,-78.7060278838
b,12,61,-20.6953709307
b,51,76,0.840102880159
b,96,19,56.5526147676
b,48,91,-60.5434270337
b,76,96,6.37060045676
b,31,57,-63.2223078499
b,16,78,97.3512288818
b,1,92,-26.4817406814
b,96,86,-73.9998708634
b,28,34,71.9827068137
b,38,55,89.8341774795
b,37,20,-38.9446525668
b,76,3,-78.2871267248
b,96,66,85.5022827385
b,19,63,-5.04931213956
b,41,58,12.2403874725
b,78,3,37.7520781755
b,79,92,-64.6122057558
b,92,65,82.6220488302
b,24,78,17.2143136373
b,2,82,-53.2547761521
b,75,25,-81.2057605299
b,94,60,80.8981183672
b,58,50,-8.35595136253
b,23,65,78.2922470468
b,73,83,-91.1072645233
b,21,56,-43.5904940953
b,55,75,39.7922377039
b,12,6,-31.1255634236
b,88,68,-36.7282315209
b,38,85,-52.2847462037
b,98,26,-11.5686508983
b,62,37,-9.99418050268
b,21,72,51.3996817196
b,4,25,41.452115235
b,69,83,-55.4244142654
b,31,20,-76.791343436
b,49,99,95.28952435
b,98,32,73.9858468689
b,1,58,-82.9330139872
b,81,8,87.8165142982
b,96,90,7.81778156956
b,74,60,80.0837486669
b,87,85,75.5932919717
b,4,99,-15.5328005098
b,29,6,-32.4055252168
b,19,55,-34.5228633034
b,18,33,-37.6220629534
b,96,51,-60.4149315051
b,37,27,33.1685954782
b,42,31,-33.0051084741
b,56,27,-96.7631092773
b,97,86,5.78412078752
b,10,98,55.9902957459
b,67,88,-77.8820107842
b,20,8,-82.3750240252
b,20,80,-78.2473632667
b,38,55,79.4811443712
b,75,37,-79.8370594787
b,94,30,60.8851609737
b,75,16,10.8579980064
b,45,55,-33.8316395056
b,29,17,-38.2436025522
b,37,76,43.8819242823
b,39,47,-36.3103566997
b,69,74,-53.8042951243
b,21,11,82.6047765094
b,15,31,-55.6423599509
b,80,17,-68.8340474167
b,15,62,-8.97482158074
b,42,64,-1.10362931029
b,53,41,-53.79501419
b,57,25,-39.6533790191
b,85,12,73.8930393153
b,32,93,-1.33360480478
b,96,69,-9.79103261268
b,3,16,47.9729675415
b,33,52,-89.4283373754
b,37,14,54.8077941806
b,66,20,40.7790912409
b,34,2,1.16297928829
b,11,39,19.4781609105
b,44,1,4.02360524113
b,81,94,-54.4363372152
b,34,88,-2.39883401869
b,41,55,-98.4052838683
b,44,54,-17.1484413284
b,64,63,59.6175343509
b,50,7,97.7008222529
b,63,71,-69.7152564755
b,78,2,90.3740541611
b,39,48,-54.5710287512
b,79,39,63.6037140712
b,40,99,-95.1424110624
b,96,19,-89.1694579736
b,5,35,-34.4219072404
b,63,20,20.9947125387
b,22,64,-44.4332348615
b,31,96,31.1479297182
b,37,31,35.8986156508
b,64,9,-59.573749205
b,35,29,-68.0986528107
b,77,35,16.4435732947
b,30,2,-65.9224596045
b,98,3,-26.6307987068
b,56,7,10.7209068862
b,49,87,43.0458567623
b,3,69,13.442681291
b,79,57,-46.3330336386
b,75,86,93.3490312823
b,85,42,67.806543718
b,99,32,46.117612411
b,30,54,95.1622092805
b,44,7,-71.4452563796
b,48,92,-72.0723836609
b,55,86,29.8534351073
b,67,44,50.4637034438
b,33,60,56.2251602907
b,52,84,43.3137912329
b,2,46,-45.2424781495
b,87,72,16.3370373606
b,53,73,-66.1348140415
b,88,90,-16.9735750942
b,7,19,1.63744507826
b,1,64,33.9798680255
b,75,8,-50.06781245
b,77,87,4.6231984269
b,82,17,65.1600037874
b,17,60,-97.7045232063
b,80,39,-50.6999087097
b,88,1,-99.4011485778
b,24,54,-72.8717886227
b,10,65,-87.1659209955
b,93,11,-27.3571144139
b,55,4,22.4254077567
b,75,91,77.0825158473
b,32,14,-44.7245636494
b,68,81,60.3953030931
b,83,24,-26.8799569564
b,53,90,18.8910934216
b,9,82,27.6881882851
b,50,66,74.1351565406
b,83,13,-74.0798421895
b,37,91,54.003605888
b,9,6,63.1441084481
b,76,95,-59.7934686793
b,47,51,-73.5046784415
b,25,64,-18.9798980651
b,78,41,41.9506202859
b,8,78,-0.833597618227
b,60,32,75.0996264621
b,36,78,60.1618625532
b,9,64,-23.7385119915
b,53,43,-24.6471426641
b,31,75,45.916770806
b,90,21,-99.9689074821
b,23,94,88.2852189452
b,34,44,-51.8352400418
b,36,97,87.8353416209
b,39,89,87.9559918038
b,90,24,75.6283364147
b,24,17,-15.7614696091
b,17,66,-60.5760994527
b,24,76,-13.2982440167
b,19,34,-84.1337116839
b,70,88,34.2921049972
b,70,98,0.494618748283
b,98,34,-9.31152956047
b,26,63,83.0468396565
b,26,74,79.5230620817
b,98,13,34.8575222221
b,89,26,-16.3464213572
b,56,93,36.1929255955
b,44,14,-59.1622715882
b,59,81,-67.4674812112
b,60,97,97.7375750597
b,67,34,24.9205058847
b,45,1,85.0939137194
b,49,33,-35.3092032448
b,86,39,-7.72662937783
b,32,80,61.1022427126
b,26,35,-93.5608894892
b,42,27,49.1088301025
b,24,53,-81.2456593545
b,93,75,-85.4149678957
b,26,14,79.1620202041
b,38,41,-97.3907487142
b,77,36,67.544407285
b,57,6,65.815679992
b,78,35,54.7241575242
b,1,20,-92.5772464244
b,27,57,43.2344989516
b,72,16,-71.6292290773
b,13,27,-12.5374307705
b,8,44,16.5836526464
b,72,37,-69.8901595025
b,58,42,51.55636166
b,86,64,54.5465898701
b,36,53,55.2219970021
b,89,20,-46.3666641885
b,86,89,81.8054516203
b,81,13,-7.50073888236
b,86,28,42.2826187625
b,57,42,-51.843807368
b,21,29,-73.9535073368
b,92,89,18.0798189322
b,75,6,-89.6137820895
b,44,71,18.5693644062
b,68,56,-83.0846395326
b,28,79,-57.3366662521
b,62,23,-43.5367762008
b,10,73,-81.7271575676
b,51,9,58.899249727
b,73,75,77.9028906381
b,28,81,-47.3673536511
b,87,44,-64.4427054088
b,19,37,46.063925693
b,21,57,29.321482606
b,76,62,-72.1735547987
b,83,35,-63.7714082536
b,15,31,79.2329727499
b,57,84,38.5028527078
b,52,45,-26.6737366225
b,84,79,-51.5324518023
b,1,47,-16.9656994092
b,74,74,-76.1102493657
b,54,28,-36.2159596197
b,38,80,94.901861136
b,21,1,-32.6772213018
b,84,95,-17.0510444022
b,58,32,42.7801297669
b,24,54,30.3879778425
b,38,28,-32.7601530338
b,7,83,-69.005743217
b,44,29,-88.3546302783
b,68,89,40.4690525421
b,52,53,-61.3510520235
b,83,5,-18.8251482996
b,93,35,60.6886288257
b,7,81,-89.8332921407
b,87,79,-4.52850407445
b,82,48,14.4667796092
b,47,40,6.80836096726
b,16,56,-98.1676484075
b,39,96,26.9118735112
b,93,67,-3.92227028901
b,93,29,19.610902133
b,44,54,-45.1675160913
b,10,73,-49.6353174314
b,47,4,26.2004819069
b,91,48,41.680929076
b,97,14,-67.5632824385
b,44,56,3.5790745043
b,52,50,1.30512778177
b,19,67,39.4704219951
b,52,18,54.7423165842
b,61,20,-46.9226820205
b,36,4,-4.36812619855
b,56,18,71.1045337698
b,15,74,-55.6521557325
b,31,91,4.52873943516
b,72,9,91.9867203857
b,90,60,-16.293496199
b,36,55,37.2148730104
b,87,72,14.8217504142
b,11,45,-91.6267691319
b,34,44,-3.92822410075
b,4,82,41.0960417713
b,12,55,63.2232301076
b,64,44,-32.9684376216
b,63,14,3.41470343539
b,83,97,-77.0902205654
b,47,63,-45.4254072096
b,80,30,59.5176508996
b,26,48,47.596190113
b,90,3,-4.64486945578
b,97,56,23.1600834801
b,50,28,-15.9937391802
b,41,47,-46.7221745563
b,71,50,-95.2352289213
b,26,37,-32.1493971348
b,78,83,83.9579698397
b,17,12,60.7373304812
b,2,36,-56.941111379
b,45,53,-19.5900711302
b,29,27,74.4695653521
b,88,64,-92.5261760078
b,17,16,29.4717261002
b,91,99,80.0408446767
b,59,98,-73.9334072394
b,71,89,77.6104166825
b,58,3,44.6457226394
b,12,0,75.0089915246
b,16,40,-9.44278947678
b,52,50,37.2703766927
b,76,52,74.7548051153
b,71,23,-80.7910075034
b,21,15,-75.7290500393
b,72,78,-27.4640984443
b,94,77,-77.2533767344
b,39,62,66.7413536577
b,75,77,44.0035980955
b,33,37,-51.0849043451
b,87,86,-9.8923048251
b,30,69,-35.6728848992
b,54,47,-51.3524260875
b,27,53,-67.8790788564
b,90,95,-2.86152313771
b,59,59,99.9282083382
b,59,76,5.7556882551
b,67,96,7.35729466435
b,1,6,-39.1853192541
b,37,4,-67.0321391856
b,91,85,-78.8080017325
b,14,8,12.1763094787
b,81,51,-73.1947551985
b,34,47,-75.9635037643
b,13,92,52.3877321819
b,98,86,-47.8175494096
b,91,85,19.350864065
b,83,85,-17.5079663689
b,0,0,17.4428716832
b,36,50,71.5347662738
b,38,7,15.2931989978
b,28,21,-72.0062846482
b,36,90,99.2172332131
b,88,22,0.501787361418
b,91,82,-10.860580527
b,50,97,-31.1158580701
b,38,68,79.9696765703
b,8,56,41.6274558075
b,11,49,48.4544234561
b,54,80,-89.3430143019
b,89,8,48.8498429024
b,87,68,-13.0302711704
b,7,88,61.1539377677
b,90,87,67.5748206366
b,72,64,29.1528504975
b,38,40,-75.8633767391
b,66,57,-27.1019165554
b,19,89,94.6356112019
b,98,21,41.1142963885
b,56,68,19.5729662282
b,37,59,36.4830058
b,16,74,21.3428143841
b,81,95,22.989676287
b,70,8,-28.4327222437
b,69,31,4.03960766644
b,46,52,34.1021189536
b,54,39,-13.2815741093
b,99,93,-56.8288022187
b,89,33,35.8528055182
b,9,12,50.0611270476
b,89,88,-95.5159519477
b,3,62,71.273061337
b,78,41,75.5345424714
b,93,82,98.3225670384
b,72,70,40.7606947001
b,32,12,8.68369517034
b,7,26,-27.5229001911
b,3,24,-34.4479513731
b,59,17,-44.2979542964
b,75,32,61.8243488109
b,8,74,-34.8910115846
b,83,26,-82.7909207099
b,24,8,-87.6846987268
b,33,85,16.6363126098
b,52,61,29.7325818366
b,11,47,85.542751164
b,13,87,48.7911886583
b,21,17,15.2507258669
b,93,26,24.6247226811
b,21,12,-78.0759321142
b,17,92,54.9373588811
b,36,84,20.8011541807
b,84,13,69.5078027794
b,75,93,-43.1611219335
b,94,93,-1.27746715831
b,13,99,92.60488994
b,11,48,-7.98268233456
b,81,71,62.597324501
b,11,35,-74.5255297949
b,55,24,-94.8704329448
b,17,12,-70.5533238501
b,49,21,-22.695948416
b,12,8,-13.0458302728
b,87,55,17.4528088015
b,43,80,-71.0777347512
b,58,61,7.69613514602
b,53,78,19.8632447748
b,71,38,54.3734900188
b,92,93,-45.239539982
b,54,19,54.2101164734
b,82,2,78.009393066
b,29,59,96.697912727
b,62,55,19.564256391
b,1,76,-3.11684176277
b,14,82,-68.8950519508
b,69,74,42.9204187416
b,79,89,93.4000802294
b,80,1,-71.9155976772
b,22,98,-82.630190907
b,49,8,71.0430422064
b,18,88,-70.5289106463
b,95,16,59.1718132322
b,74,10,98.2456665638
b,26,76,-72.1145768818
b,57,84,92.3434034455
b,52,85,-25.2081976455
b,45,92,-36.5941612452
b,57,69,62.5292575104
b,84,66,-13.8673231611
b,87,73,-33.7395468083
b,22,55,-29.3506962026
b,35,13,87.8005392
b,17,25,64.0583657498
b,94,27,-11.7573493415
b,31,59,78.3162742771
b,26,91,18.1249180008
b,41,95,-41.0230059035
b,7,17,-2.82294959825
b,42,5,-62.8923289965
b,87,70,15.0227640412
b,61,34,-14.1341100757
b,21,34,-59.6482851762
b,14,44,11.9436333694
b,37,36,-44.256870511
b,39,88,53.2872754799
b,48,77,-8.41775099105
b,10,1,38.1683810682
b,30,13,-29.5081444521
b,11,81,49.2799238287
b,47,20,-51.296271336
b,41,70,-2.40298263497
b,60,5,-66.1962316581
b,31,70,-72.6224534878
b,43,20,-6.76567900107
b,25,65,-47.8499073006
b,83,51,-94.0588883763
b,34,16,-5.73109719356
b,3,0,28.8863162819
b,97,38,62.2605145519
b,46,39,-59.9848359085
b,48,57,47.717751951
b,56,29,-48.8972586548
b,58,46,5.23937202098
b,44,62,52.7388630297
b,29,89,-55.3556108329
b,9,0,-77.9490884007
b,31,68,54.1393881118
b,76,59,-28.160210119
b,98,55,23.9791472615
b,18,85,77.4609151488
b,76,37,-90.7912763975
b,42,43,98.2157618336
b,25,47,83.3389493697
b,20,55,-20.716520857
b,28,45,-37.2531983314
b,87,71,-61.880319096
b,35,3,43.5283983378
b,44,44,37.1816305276
b,33,83,3.75048483897
b,5,82,-39.2414969513
b,22,75,86.5292218547
b,43,55,37.7946599303
b,80,25,-97.0721425824
b,26,44,53.5866581886
b,55,95,-23.5922001839
b,80,0,52.6876912045
b,99,84,38.7006506131
b,31,38,59.4062705797
b,62,82,77.3901611662
b,48,20,41.752943071
b,46,66,19.4015731652
b,97,60,95.0577236297
b,32,27,23.1117428781
b,38,71,84.2574412675
b,90,56,-73.3639372142
b,4,88,21.4798345854
b,76,81,-82.6870502483
b,54,73,31.5527645258
b,19,1,20.1949414362
b,11,7,-72.5057951062
b,38,6,73.1766626245
b,60,35,88.6227339241
b,80,19,-8.77381866227
b,92,0,7.86444127349
b,87,85,18.1362030237
b,8,14,28.7706580717
b,9,48,26.4985758974
b,24,75,-19.4997898034
b,74,30,13.7178461511